MolWt,LogP,NumHDonors,NumHAcceptors,pIC50
383.814,4.450340000000002,3,4,7.387
383.814,4.450340000000002,3,4,6.523
383.814,4.450340000000002,3,4,5.107
482.9030000000001,3.614320000000001,3,6,6.77
482.9030000000001,3.614320000000001,3,6,7.398
482.9030000000001,3.614320000000001,3,6,6.357
369.43200000000013,4.772000000000004,1,6,5.032
283.287,2.3105600000000006,2,4,3.301
164.16,1.49,2,2,2.523
215.16799999999998,1.73096,1,5,4.018
539.9990000000001,3.228220000000002,3,7,5.275
249.22199999999998,1.40098,2,5,3.578
236.234,1.55914,2,5,6.903
214.224,2.13436,0,4,2.903
239.2779999999999,1.95376,0,4,3.204
186.17,1.52836,2,4,4.456
197.18999999999997,0.052200000000000135,4,4,3.046
542.0150000000001,3.57442,5,7,9.347
204.18499999999997,0.4900799999999999,3,4,5.0
281.231,1.4673399999999999,2,7,4.222
200.20100000000002,1.5102599999999997,1,5,3.222
230.22299999999998,1.83996,1,5,3.071
202.16899999999998,1.2339599999999997,3,5,5.523
292.34600000000006,3.806600000000002,1,5,5.097
218.16799999999998,1.5863800000000001,1,4,2.886
162.14799999999997,1.0062799999999998,2,2,2.866
189.17,1.3837799999999998,2,3,3.783
155.15999999999997,1.51216,0,3,3.602
172.16199999999998,2.25626,0,2,2.903
215.16799999999998,1.7309600000000003,1,5,3.903
326.791,4.587100000000003,1,5,7.854
183.214,2.08946,1,3,2.903
227.223,0.93896,2,4,3.204
250.30500000000004,3.2640200000000004,2,4,6.0
312.76400000000007,4.435700000000002,2,5,7.0
306.373,3.958000000000003,0,5,4.875
185.186,1.7351599999999998,2,4,3.456
179.17499999999998,0.8144999999999998,3,3,4.854
434.30100000000016,5.510200000000003,2,6,6.623
456.34800000000035,4.247200000000003,2,7,7.194
190.118,-1.30384,2,5,2.854
198.18099999999998,1.81536,1,3,3.367
511.9450000000004,2.895500000000001,4,7,7.658
218.16799999999998,1.1196599999999999,4,6,4.87
200.19699999999997,1.8313599999999997,1,4,3.602
559.6300000000002,4.824820000000003,3,7,8.347
559.6300000000002,4.824820000000003,3,7,7.0
250.30500000000004,2.8241000000000014,2,4,6.294
215.16799999999995,1.7309599999999998,1,5,3.347
526.0160000000002,4.5219400000000025,4,6,6.699
495.94600000000037,3.5295200000000015,3,6,6.678
470.53300000000024,3.3105200000000012,3,6,5.851
470.53300000000024,3.3105200000000012,3,6,5.301
470.53300000000024,3.3105200000000012,3,6,5.365
191.161,1.8172799999999998,1,2,3.079
201.18099999999998,1.49068,1,3,4.328
180.159,1.1956,3,3,2.921
525.9720000000001,3.203920000000001,4,7,8.187
525.9720000000001,3.203920000000001,4,7,7.398
525.9720000000001,3.203920000000001,4,7,5.688
250.30499999999998,2.9799000000000007,1,4,5.076
233.22299999999998,1.78248,2,4,2.959
170.171,1.82276,1,3,3.252
422.48900000000026,2.0685199999999995,2,6,4.699
172.187,1.5980599999999998,1,3,2.187
184.19799999999998,2.1257600000000005,0,3,2.903
509.97300000000024,3.919620000000001,3,6,7.886
509.97300000000024,3.919620000000001,3,6,6.699
509.97300000000024,3.919620000000001,3,6,5.125
188.18599999999998,0.7844799999999998,2,3,3.097
182.182,1.9296599999999997,0,3,4.222
186.17,1.52836,2,4,4.432
203.19699999999997,1.68678,1,3,3.079
413.7960000000001,3.8401200000000006,4,5,7.538
413.7960000000001,3.8401200000000006,4,5,5.301
413.7960000000001,3.8401200000000006,4,5,4.301
219.196,1.39238,2,4,3.488
216.196,1.53696,2,5,5.222
270.72300000000007,3.609000000000001,2,4,6.699
315.17400000000004,3.7181000000000015,2,4,7.357
200.197,2.0114600000000005,1,4,3.347
205.16899999999998,1.0893799999999998,3,4,4.125
441.8500000000001,4.1591200000000015,4,5,8.328
560.6180000000002,4.219820000000002,3,8,8.745
560.6180000000002,4.219820000000002,3,8,7.0
269.25999999999993,1.9204599999999998,2,4,3.194
186.174,1.20726,2,5,3.648
198.18099999999995,1.84586,0,4,3.456
371.242,4.696200000000003,1,5,7.959
300.402,3.4696800000000017,2,3,4.26
282.259,1.27334,3,7,5.921
224.219,2.2149599999999996,1,3,3.347
495.9460000000001,3.5295200000000007,3,6,8.553
495.9460000000001,3.5295200000000007,3,6,7.0
495.9460000000001,3.5295200000000007,3,6,6.125
497.5590000000004,2.3927199999999997,4,7,7.745
497.5590000000004,2.3927199999999997,4,7,7.398
497.5590000000004,2.3927199999999997,4,7,6.208
370.4560000000002,5.587900000000003,1,5,5.495
171.15899999999996,0.75056,0,3,2.886
200.197,1.8313599999999997,1,4,3.699
511.9890000000001,4.213520000000002,4,6,8.921
511.9890000000001,4.213520000000002,4,6,6.699
511.9890000000001,4.213520000000002,4,6,5.889
292.34600000000006,4.090720000000002,2,5,6.699
357.2150000000001,4.544800000000002,2,5,7.409
306.373,3.802200000000002,1,5,6.317
268.23199999999997,0.9703399999999998,4,7,6.097
243.17799999999994,1.7540600000000002,0,6,3.252
173.17099999999996,1.6781799999999996,1,2,3.071
252.233,1.2647399999999998,3,6,5.602
143.14899999999997,1.4452599999999998,1,2,3.585
495.9460000000002,3.5295200000000007,3,6,6.387
509.97300000000024,3.9643200000000016,4,6,8.229
509.97300000000024,3.9643200000000016,4,6,5.588
414.3110000000001,4.476600000000003,2,6,7.42
292.34600000000006,3.650800000000002,2,5,6.475
397.84100000000007,4.4746400000000035,2,4,4.699
433.31300000000016,6.115200000000003,2,5,7.602
220.253,1.2908799999999998,3,4,5.62
282.387,4.417760000000005,1,3,3.337
355.76000000000005,3.8335000000000017,3,4,4.699
602.6990000000002,4.4144200000000025,4,8,8.959
602.6990000000002,4.4144200000000025,4,8,6.699
602.6990000000002,4.4144200000000025,4,8,5.71
208.16899999999998,0.9448000000000001,3,3,2.824
245.194,1.73956,1,6,3.796
455.8770000000003,4.467540000000002,4,5,6.745
511.9890000000001,4.213520000000002,4,6,6.347
511.9890000000001,4.213520000000002,4,6,6.301
306.3730000000001,4.2421200000000026,1,5,7.62
170.17099999999996,1.8227599999999997,1,3,3.426
401.2680000000001,4.561400000000003,2,6,7.149
205.16899999999998,1.0893799999999998,3,4,4.602
186.17,1.7084599999999999,2,4,3.638
331.129,2.027240000000001,3,6,6.301
145.161,1.9289799999999997,1,2,2.62
279.093,2.5938600000000007,1,4,3.815
442.5150000000003,5.079000000000003,3,3,5.052
366.4170000000002,3.4120000000000017,3,3,4.0
370.45200000000017,5.061800000000003,2,2,4.0
519.4320000000004,6.664680000000005,1,6,5.523
370.4520000000002,5.061800000000003,2,2,4.0
380.4000000000002,3.101600000000002,4,3,4.248
294.3540000000001,3.394800000000002,2,2,4.0
412.48900000000026,5.070400000000004,3,2,4.0
442.5150000000004,5.079000000000003,3,3,4.0
264.328,3.3862000000000023,2,1,4.0
415.2870000000002,4.165900000000002,3,2,4.0
343.4080000000002,2.0336000000000003,3,3,4.0
340.4260000000002,5.053200000000004,2,1,4.0
296.326,2.8330200000000003,3,2,4.0
238.29000000000002,3.1242400000000004,2,1,4.0
370.45200000000017,5.061800000000003,2,2,4.0
308.33700000000016,3.0844000000000014,3,2,4.0
415.4710000000003,2.0508,4,4,4.536
336.39100000000025,3.403400000000002,3,2,4.0
343.22400000000016,4.1487000000000025,2,1,4.0
442.5150000000004,5.079000000000003,3,3,4.0
341.45500000000015,4.059400000000003,3,4,4.301
441.3330000000001,3.6115000000000013,1,6,8.377
441.3330000000001,3.6115000000000013,1,6,5.642
280.33500000000004,2.53782,1,6,8.398
271.71100000000007,3.1252200000000014,1,5,6.42
405.45700000000016,5.974400000000004,2,4,4.0
405.45700000000016,5.974400000000004,2,4,4.301
496.40900000000005,4.377200000000003,1,6,8.481
496.40900000000005,4.377200000000003,1,6,6.712
411.2920000000001,5.528800000000003,1,5,6.699
476.1610000000001,5.8084000000000024,1,5,6.174
427.2910000000001,5.054500000000003,1,6,7.523
631.6100000000001,9.280799999999996,2,6,4.0
412.39200000000017,5.0252000000000026,2,6,4.0
540.4220000000001,2.8641000000000005,3,8,9.092
540.4220000000001,2.8641000000000005,3,8,8.056
540.4220000000001,2.8641000000000005,3,8,8.056
403.3130000000003,5.0469000000000035,1,5,4.301
332.16100000000006,2.9345,1,6,8.42
446.9100000000004,4.275600000000003,1,7,6.288
417.46500000000026,3.8817800000000027,1,7,6.071
363.4630000000001,4.872600000000003,1,4,4.0
252.28100000000003,2.0540199999999995,2,6,7.77
622.7719999999999,7.991200000000005,2,8,5.187
273.28799999999995,2.4965,3,5,5.046
273.244,2.2521999999999998,4,5,4.0
558.8690000000005,5.235100000000005,2,7,8.824
558.8690000000005,5.235100000000005,2,7,8.131
558.8690000000005,5.235100000000005,2,7,8.131
428.2790000000001,4.449500000000002,1,7,5.886
266.308,2.5135200000000006,2,6,8.367
590.7740000000001,8.590840000000002,2,6,4.0
301.29800000000006,2.6436,2,6,4.0
273.28800000000007,2.4965000000000006,3,5,4.699
325.32700000000006,3.839200000000001,3,2,4.0
442.2730000000001,3.588700000000001,2,7,8.824
442.2730000000001,3.588700000000001,2,7,7.292
412.28000000000014,4.309400000000003,1,6,5.301
441.31800000000015,5.3629200000000035,1,6,6.602
444.3370000000004,3.0601000000000003,2,8,8.538
562.7200000000003,7.9740000000000055,2,6,5.0
489.4510000000003,4.131900000000003,1,7,5.347
427.29100000000017,4.538200000000003,2,6,7.046
430.31000000000034,2.67,2,8,9.092
430.31000000000034,2.67,2,8,8.509
327.3430000000001,3.216400000000001,3,2,4.301
618.8280000000002,7.946600000000007,4,4,6.071
252.28100000000003,2.2051,2,6,7.886
361.3570000000001,3.4686000000000003,5,6,5.602
369.22200000000004,4.260400000000002,2,4,9.155
369.22200000000004,4.260400000000002,2,4,8.569
384.2370000000001,4.045500000000002,2,5,9.301
384.2370000000001,4.045500000000002,2,5,8.114
411.29200000000014,4.914400000000003,1,5,4.301
612.7400000000001,7.717360000000005,2,8,4.267
594.7180000000003,7.3852000000000055,4,8,4.0
296.39500000000004,3.3602000000000016,1,2,4.0
357.41300000000007,4.106000000000003,1,4,4.301
384.2370000000001,3.679700000000002,1,5,9.77
384.2370000000001,3.679700000000002,1,5,7.886
526.4390000000001,3.8737000000000013,3,7,9.137
526.4390000000001,3.8737000000000013,3,7,7.678
526.4390000000001,3.8737000000000013,3,7,7.678
590.7740000000001,8.590840000000002,2,6,4.0
652.7140000000003,7.790400000000005,2,10,5.301
678.7919999999999,7.8246000000000056,2,10,4.0
316.81300000000005,3.839500000000002,1,2,4.0
296.3950000000001,4.1525000000000025,1,3,4.0
497.39700000000005,3.7722000000000024,1,7,8.569
497.39700000000005,3.7722000000000024,1,7,6.807
349.22100000000006,3.3683000000000023,0,5,4.301
457.3170000000002,5.063100000000004,1,7,6.481
336.58000000000004,3.579300000000001,1,5,7.086
282.36800000000005,3.1861000000000015,1,2,6.0
257.245,2.546600000000001,3,4,4.699
273.28800000000007,2.4965000000000006,3,5,4.678
363.2480000000001,4.122600000000003,1,5,5.301
331.177,2.967600000000001,2,6,9.119
331.177,2.967600000000001,2,6,7.523
384.2370000000001,4.045500000000002,2,5,8.796
384.2370000000001,4.045500000000002,2,5,7.357
383.2490000000001,4.650500000000003,2,4,9.26
383.2490000000001,4.650500000000003,2,4,8.06
317.15000000000003,2.5081000000000007,2,6,8.824
365.44100000000026,2.2159199999999997,2,8,8.638
257.684,2.8168000000000006,1,5,5.593
485.9470000000004,4.391500000000003,2,7,7.131
441.2850000000001,4.193700000000002,2,6,8.569
441.2850000000001,4.193700000000002,2,6,7.194
513.9610000000004,2.894100000000001,3,8,9.215
513.9610000000004,2.894100000000001,3,8,7.854
513.9610000000004,2.894100000000001,3,8,7.854
413.2640000000001,4.751500000000003,2,6,6.824
511.4090000000003,5.931700000000005,1,7,6.155
411.26700000000017,3.3035999999999994,3,7,9.602
411.26700000000017,3.3035999999999994,3,7,8.292
344.216,3.5969000000000015,1,5,8.585
344.216,3.5969000000000015,1,5,7.921
404.6550000000001,4.2219000000000015,2,5,9.161
404.6550000000001,4.2219000000000015,2,5,7.699
411.25900000000007,4.2196000000000025,2,5,8.921
411.25900000000007,4.2196000000000025,2,5,5.983
405.2770000000001,4.0211000000000015,2,5,8.854
405.2770000000001,4.0211000000000015,2,5,8.569
346.398,2.84952,3,7,8.523
590.774,8.590840000000002,2,6,4.0
257.245,2.5465999999999998,3,4,4.699
270.24,2.576800000000001,3,5,6.0
512.412,3.117800000000001,2,7,8.839
512.412,3.117800000000001,2,7,6.714
391.25000000000006,3.448100000000002,1,6,9.367
391.25000000000006,3.448100000000002,1,6,6.301
427.2910000000001,5.054500000000003,1,6,6.658
330.1890000000001,3.5726000000000013,2,5,8.509
330.1890000000001,3.5726000000000013,2,5,7.699
509.96900000000045,4.868180000000005,2,7,7.097
287.271,2.3406000000000007,3,6,5.0
259.26099999999997,2.4081,4,4,4.699
289.28700000000003,2.2021,4,6,5.046
329.35900000000004,4.057400000000001,3,4,6.523
329.35900000000004,4.057400000000001,3,4,5.347
389.4110000000001,4.074600000000001,3,6,4.301
389.4110000000001,4.074600000000001,3,6,4.0
343.3860000000001,4.081700000000002,2,4,5.06
343.3860000000001,4.081700000000002,2,4,4.0
376.41200000000015,4.747000000000003,2,6,4.0
344.216,3.5969000000000015,1,5,11.222
344.216,3.5969000000000015,1,5,7.678
590.7740000000001,8.590840000000002,2,6,4.0
678.792,7.824600000000006,2,10,5.276
404.5600000000002,6.371100000000004,1,4,4.0
409.2650000000001,2.2969,2,7,7.029
455.3010000000002,4.673000000000004,2,6,6.658
427.2910000000001,5.054500000000003,1,6,7.18
425.2940000000002,3.6246,2,8,8.638
271.272,2.635000000000001,2,5,5.0
303.3140000000001,2.5051000000000005,3,6,5.022
448.3540000000004,3.4365000000000014,1,7,5.301
435.3110000000003,4.359200000000002,2,6,6.0
393.4430000000002,3.405100000000002,1,7,5.839
283.35600000000005,2.581100000000001,1,3,4.0
383.249,4.650500000000003,2,4,8.921
383.249,4.650500000000003,2,4,7.796
441.27400000000017,4.744100000000002,2,6,6.721
343.228,4.201900000000003,1,4,7.076
344.216,3.5969000000000015,1,5,8.018
344.216,3.5969000000000015,1,5,7.495
316.16200000000003,3.113100000000001,2,5,9.886
316.16200000000003,3.113100000000001,2,5,7.796
622.772,7.9912000000000045,2,8,4.0
594.7180000000003,7.3852000000000055,4,8,4.357
289.28700000000003,2.2021,4,6,5.0
357.4130000000001,4.674240000000003,3,4,5.602
357.4130000000001,4.674240000000003,3,4,5.347
481.5550000000002,7.391400000000005,3,4,4.301
481.5550000000002,7.391400000000005,3,4,4.0
498.3850000000001,3.0935000000000006,3,7,8.959
498.3850000000001,3.0935000000000006,3,7,7.244
498.3850000000001,3.0935000000000006,3,7,7.244
365.22000000000014,2.7065000000000006,2,6,5.301
398.2530000000001,4.440900000000003,1,6,6.292
470.9320000000004,4.752280000000004,1,7,5.983
678.792,7.824600000000006,2,10,4.699
273.28800000000007,2.4965000000000006,3,5,5.0
446.3080000000001,5.182800000000003,2,5,8.041
446.3080000000001,5.182800000000003,2,5,7.114
321.1670000000001,2.8845,1,5,5.252
331.17300000000006,3.539500000000002,1,5,8.367
598.7000000000003,8.252200000000002,2,6,4.0
594.7180000000003,7.3852000000000055,4,8,4.393
564.6960000000003,6.764000000000005,2,8,4.652
370.21000000000004,3.655400000000002,2,5,9.041
370.21000000000004,3.655400000000002,2,5,8.469
437.21900000000016,5.192900000000002,2,4,8.757
437.21900000000016,5.192900000000002,2,4,7.456
381.23300000000006,4.415500000000002,2,4,8.796
381.23300000000006,4.415500000000002,2,4,6.921
412.2800000000001,4.923800000000003,1,6,6.31
631.6100000000001,9.280799999999996,2,6,4.0
434.37100000000015,4.446100000000003,1,6,5.854
475.42400000000026,3.7418000000000013,1,7,6.678
345.20400000000006,2.9919000000000002,1,6,9.022
345.20400000000006,2.9919000000000002,1,6,7.658
631.6100000000001,9.280799999999996,2,6,5.367
698.7140000000003,10.011599999999993,2,6,4.0
379.3790000000001,3.800760000000002,3,6,4.0
498.38100000000014,4.125500000000002,2,7,8.62
498.38100000000014,4.125500000000002,2,7,6.967
498.38100000000014,4.125500000000002,2,7,6.967
375.25100000000003,3.782000000000002,1,5,8.337
375.25100000000003,3.782000000000002,1,5,6.469
335.1940000000001,3.344000000000001,1,5,5.125
412.28000000000014,4.309400000000003,1,6,5.301
431.71000000000015,5.699300000000003,1,5,5.301
396.24800000000005,4.2116000000000025,2,5,8.959
396.24800000000005,4.2116000000000025,2,5,7.569
406.2650000000001,3.416100000000001,2,6,9.119
406.2650000000001,3.416100000000001,2,6,8.62
483.3550000000003,5.453200000000004,2,6,7.097
398.2530000000001,4.440900000000003,1,6,6.041
390.53300000000013,6.230000000000004,1,4,4.0
275.26000000000005,2.1137,5,5,4.036
355.3970000000001,3.860000000000003,1,4,4.0
413.2310000000001,3.715200000000001,3,5,9.432
413.2310000000001,3.715200000000001,3,5,6.301
397.2650000000001,5.045900000000003,1,5,6.585
315.17400000000004,3.7181000000000015,2,4,9.108
329.2010000000001,4.177600000000002,2,4,7.959
720.5120000000002,9.498999999999995,2,6,4.943
622.772,7.9912000000000045,2,8,4.0
622.772,7.991200000000006,2,8,5.444
259.261,2.4081000000000006,4,4,4.699
521.3790000000002,3.428600000000001,3,8,9.252
521.3790000000002,3.428600000000001,3,8,7.854
521.3790000000002,3.428600000000001,3,8,7.854
461.3970000000002,3.351700000000001,1,7,5.06
426.3070000000002,4.351900000000003,1,6,5.301
388.2730000000001,2.8994,2,7,7.456
678.7919999999999,7.824600000000006,2,10,5.004
271.272,2.635000000000001,2,5,5.0
349.22100000000006,3.7341000000000015,1,5,5.347
411.2920000000002,5.354320000000003,1,5,6.319
330.18500000000006,4.1445000000000025,1,4,7.523
469.32800000000015,5.2226000000000035,1,7,4.301
365.33900000000006,4.335600000000002,3,4,6.155
365.33900000000006,4.335600000000002,3,4,5.658
581.1510000000001,5.266600000000002,3,4,4.301
359.3850000000001,4.066000000000002,3,5,5.699
359.3850000000001,4.066000000000002,3,5,4.745
371.3960000000001,3.998400000000002,2,4,4.301
371.3960000000001,3.998400000000002,2,4,4.301
497.3970000000001,3.698500000000001,3,6,9.357
497.3970000000001,3.698500000000001,3,6,7.229
497.3970000000001,3.698500000000001,3,6,7.229
467.9320000000002,5.097580000000004,2,6,7.081
631.6100000000001,9.280799999999996,2,6,4.0
471.60500000000025,5.749800000000005,3,6,4.301
343.38600000000014,4.399600000000002,2,4,4.301
343.38600000000014,4.399600000000002,2,4,4.301
377.27500000000015,4.514300000000003,1,5,5.357
316.16200000000003,3.113100000000001,2,5,8.119
316.16200000000003,3.113100000000001,2,5,7.276
330.189,3.572600000000002,2,5,11.097
330.189,3.572600000000002,2,5,7.824
490.65100000000024,3.3449000000000018,4,9,4.602
401.8460000000001,3.3046000000000015,3,6,5.119
343.386,4.658000000000003,2,5,7.009
275.285,2.7857000000000003,4,6,3.886
453.34400000000034,3.817800000000002,1,7,8.432
453.34400000000034,3.817800000000002,1,7,6.717
393.4430000000002,3.405100000000002,1,7,9.0
446.9100000000004,4.275600000000003,1,7,9.0
360.2110000000001,4.153100000000003,1,5,10.602
396.2920000000001,4.6788000000000025,2,4,8.585
396.2920000000001,4.6788000000000025,2,4,8.013
299.17100000000005,4.740900000000003,1,2,5.26
299.17100000000005,4.740900000000003,1,2,4.0
520.6550000000002,4.745600000000003,2,8,7.131
357.41300000000007,4.961000000000003,1,5,7.167
581.0690000000002,6.139100000000005,2,8,8.0
398.2200000000001,3.5702000000000016,2,6,7.276
398.2200000000001,3.5702000000000016,2,6,5.922
452.35600000000034,4.422800000000003,1,6,8.432
452.35600000000034,4.422800000000003,1,6,7.796
388.26500000000016,4.933300000000004,1,5,11.222
510.5160000000002,5.789900000000005,2,6,7.131
300.15900000000005,4.135900000000001,1,3,7.569
330.185,4.144500000000002,1,4,5.0
259.286,3.0801,3,5,3.523
314.186,4.444320000000002,1,3,5.0
466.96600000000007,3.959100000000002,2,7,7.699
466.96600000000007,3.959100000000002,2,7,7.149
302.23800000000006,1.988,5,7,3.721
414.26300000000015,2.8388,3,7,7.921
414.26300000000015,2.8388,3,7,6.498
424.3460000000001,5.042300000000004,1,5,7.678
424.3460000000001,5.042300000000004,1,5,6.638
573.0900000000001,5.5381000000000045,2,8,7.569
354.21100000000007,4.022600000000002,1,5,9.432
354.21100000000007,4.022600000000002,1,5,7.886
397.2320000000001,4.175200000000002,2,5,8.292
397.2320000000001,4.175200000000002,2,5,5.75
506.6280000000002,4.355500000000003,2,8,6.983
410.3190000000001,4.652200000000003,1,5,7.387
410.3190000000001,4.652200000000003,1,5,6.839
454.32800000000015,4.222000000000002,2,6,8.469
454.32800000000015,4.222000000000002,2,6,8.018
440.3010000000001,4.133600000000002,3,5,9.143
440.3010000000001,4.133600000000002,3,5,6.234
616.6620000000004,5.546900000000005,1,8,6.58
438.5530000000002,3.1479000000000017,2,7,7.959
438.5530000000002,3.1479000000000017,2,7,7.347
554.6940000000002,3.9994000000000023,2,9,7.032
383.4510000000001,5.517200000000004,1,5,7.102
411.30700000000013,4.047200000000002,1,6,7.398
411.30700000000013,4.047200000000002,1,6,6.582
340.184,4.012200000000001,2,4,9.357
340.184,4.012200000000001,2,4,7.699
340.184,4.012200000000001,2,4,9.357
339.196,4.617200000000001,2,3,9.357
339.196,4.617200000000001,2,3,7.658
339.196,4.617200000000001,2,3,9.357
453.38800000000015,4.6106000000000025,2,5,8.125
453.38800000000015,4.6106000000000025,2,5,7.092
353.22300000000007,4.627600000000002,1,4,9.097
353.22300000000007,4.627600000000002,1,4,7.658
467.3710000000004,4.207900000000002,1,7,8.056
467.3710000000004,4.207900000000002,1,7,7.114
562.6710000000002,4.703700000000003,2,9,7.62
562.6710000000002,4.703700000000003,2,9,6.201
243.28700000000003,3.3745000000000003,2,4,3.886
221.26300000000003,3.373400000000001,1,3,6.461
230.22300000000004,3.2188000000000008,3,5,4.237
520.6550000000003,4.697700000000004,1,8,6.081
413.2750000000001,3.4438000000000013,3,6,8.796
413.2750000000001,3.4438000000000013,3,6,7.31
438.3290000000003,4.4494000000000025,2,5,8.319
438.3290000000003,4.4494000000000025,2,5,8.018
456.3440000000001,3.4038000000000004,4,6,8.456
456.3440000000001,3.4038000000000004,4,6,6.87
401.8460000000001,3.3046000000000015,3,6,4.658
417.84500000000014,3.4299000000000017,3,7,4.301
433.9130000000001,3.788800000000001,3,7,4.301
424.4490000000002,3.5869000000000018,3,7,3.229
298.35,1.3795999999999995,3,7,3.357
570.6490000000002,5.906800000000007,1,6,5.721
605.0940000000002,6.560200000000006,1,6,5.155
614.658,5.605000000000006,2,7,6.959
364.4530000000001,3.8108400000000016,3,5,6.215
545.519,4.968000000000003,3,7,6.824
532.7370000000003,4.894880000000003,3,7,5.155
544.6330000000002,4.0260000000000025,1,7,5.959
605.0940000000002,6.560200000000006,1,6,5.328
566.1080000000003,6.185800000000005,2,9,8.097
566.1080000000003,6.185800000000005,2,9,6.638
238.179,2.008399999999999,3,2,3.602
538.6040000000003,4.239400000000003,1,8,5.886
531.6630000000002,5.532400000000004,2,9,7.086
531.6630000000002,5.532400000000004,2,9,5.796
220.253,1.2908799999999998,3,4,5.155
519.6050000000002,4.9800800000000045,1,7,5.959
555.6890000000003,5.351400000000004,2,10,7.149
555.6890000000003,5.351400000000004,2,10,6.959
523.5930000000002,3.551700000000003,2,7,6.658
599.6600000000002,6.551200000000005,2,9,6.268
599.6600000000002,6.551200000000005,2,9,4.745
571.6370000000002,5.301800000000005,1,7,5.087
336.39900000000006,3.194000000000001,3,5,5.257
518.4930000000002,6.062400000000005,3,6,5.208
524.5770000000002,4.1510000000000025,2,7,7.509
600.6750000000002,5.915400000000006,1,7,5.444
495.6030000000003,4.840800000000004,1,5,7.721
396.45100000000014,3.2112000000000016,3,7,4.301
584.0980000000002,6.324900000000005,2,9,8.0
584.0980000000002,6.324900000000005,2,9,7.097
532.5200000000002,6.452500000000005,3,6,6.62
566.7020000000002,5.617500000000005,2,7,5.886
508.5780000000003,4.612900000000003,1,6,5.585
562.5480000000001,5.155300000000005,1,6,5.194
628.6850000000001,5.693400000000006,1,8,5.131
477.9740000000001,4.7459000000000024,2,8,7.456
477.9740000000001,4.7459000000000024,2,8,6.244
466.5410000000003,4.354000000000003,2,6,7.0
494.5950000000003,5.086300000000004,1,6,6.481
566.6140000000001,4.457800000000002,2,7,6.796
566.6580000000001,6.001500000000006,1,7,4.87
524.5770000000002,4.832800000000003,1,7,5.62
392.5070000000002,4.427680000000001,3,5,5.175
623.71,5.117700000000004,2,8,5.456
660.6430000000001,5.7232000000000065,1,10,4.155
480.5240000000003,3.994200000000002,2,7,6.699
509.6300000000003,5.2309000000000045,1,5,7.367
294.31,2.32118,3,4,5.155
642.7120000000003,5.792200000000006,0,8,4.0
605.0940000000002,6.560200000000006,1,6,5.337
405.2890000000001,4.500800000000003,3,5,6.347
572.6250000000002,4.696800000000004,1,8,5.087
482.54000000000025,3.844900000000002,3,7,7.77
377.235,3.7222000000000017,3,5,5.866
556.6660000000002,6.2666000000000075,1,6,6.041
539.6610000000003,4.570700000000003,2,6,4.903
660.7740000000001,7.81940000000001,0,6,4.0
482.54000000000025,3.844900000000002,3,7,6.585
504.46600000000024,5.673900000000004,3,6,5.9
615.6460000000001,5.815000000000007,1,8,5.319
266.3,3.314000000000002,0,4,4.602
307.34900000000005,3.812940000000003,2,4,4.72
309.36500000000007,4.2360200000000034,0,4,4.699
308.33700000000005,3.260320000000002,3,4,4.99
280.283,2.6434800000000003,3,4,5.9
354.43100000000004,3.393800000000003,2,5,5.76
322.389,4.123660000000004,1,5,5.17
314.72800000000007,3.2968800000000007,3,4,5.68
381.41300000000007,3.2265800000000016,2,7,5.28
453.3450000000003,4.974700000000005,2,6,6.523
453.3450000000003,4.974700000000005,2,6,7.0
205.21299999999997,1.9575999999999996,1,4,4.699
315.3720000000001,5.072200000000004,0,3,4.699
295.338,3.9276000000000026,0,4,4.699
355.39000000000004,3.9448000000000025,0,6,4.699
453.90500000000026,5.084700000000005,1,7,6.523
453.90500000000026,5.084700000000005,1,7,6.699
433.48700000000036,4.423580000000003,1,7,6.097
433.48700000000036,4.423580000000003,1,7,5.854
189.21399999999997,2.252,0,3,4.699
340.404,3.085380000000002,2,5,6.4
349.43700000000007,2.1290800000000005,2,7,5.06
229.27900000000002,4.102400000000002,0,2,4.699
286.3310000000001,2.4536800000000003,3,4,5.23
388.8760000000001,3.879880000000003,2,5,6.0
271.34100000000007,3.980500000000003,0,4,4.699
241.31500000000003,3.9719000000000024,0,3,4.699
306.32099999999997,2.594080000000001,2,4,4.92
308.337,2.3636799999999996,3,4,6.21
390.46400000000006,4.238580000000003,2,5,5.77
504.3100000000001,0.6426000000000013,4,2,4.886
325.3640000000001,3.936200000000003,0,5,4.699
281.31100000000004,3.6246000000000027,1,4,4.699
323.39200000000005,4.0458000000000025,0,4,4.699
336.391,3.143880000000001,3,4,5.3
396.4660000000003,4.207920000000003,2,6,6.301
396.4660000000003,4.207920000000003,2,6,6.347
354.43100000000004,3.2264800000000027,2,5,6.05
336.3690000000001,1.7499799999999999,3,6,4.32
255.29799999999997,3.692000000000001,0,4,4.699
305.78600000000006,4.633900000000002,0,4,4.699
459.2790000000002,3.954100000000003,1,8,6.398
459.2790000000002,3.954100000000003,1,8,7.301
410.49300000000034,4.550120000000004,1,6,6.0
410.49300000000034,4.550120000000004,1,6,6.398
448.9010000000003,5.034200000000005,1,6,6.347
448.9010000000003,5.034200000000005,1,6,6.523
434.87400000000025,4.692000000000004,2,6,6.301
434.87400000000025,4.692000000000004,2,6,6.222
430.91100000000034,4.895100000000005,1,6,7.0
430.91100000000034,4.895100000000005,1,6,6.824
446.9100000000004,4.275600000000004,1,7,7.0
446.9100000000004,4.275600000000004,1,7,6.699
702.6640000000001,2.0874000000000037,2,6,5.328
279.33900000000006,4.227420000000003,0,3,4.699
340.3350000000001,3.8358000000000025,0,6,4.699
200.197,1.836780000000001,2,4,4.21
475.3620000000003,4.426100000000003,1,5,6.699
475.3620000000003,4.426100000000003,1,5,7.0
371.4360000000001,5.498000000000005,0,4,4.699
304.3490000000001,4.400300000000002,1,3,4.699
295.33799999999997,3.9276000000000026,0,4,4.699
289.33400000000006,3.6518000000000024,0,3,4.699
257.3329999999999,3.909600000000003,0,3,4.699
241.31500000000003,3.9719000000000024,0,3,4.699
204.22899999999998,1.8341999999999998,1,4,4.699
380.4000000000001,2.2953800000000006,3,6,4.31
322.364,2.753780000000001,3,4,6.15
299.414,4.764900000000004,0,3,4.699
297.266,2.2988800000000005,4,6,5.3
290.3,2.00806,2,6,4.27
310.309,2.0267799999999996,4,5,5.52
479.3830000000003,5.627100000000006,1,6,7.046
479.3830000000003,5.627100000000006,1,6,7.097
489.3890000000004,5.394300000000006,1,6,6.699
489.3890000000004,5.394300000000006,1,6,6.824
467.37200000000036,5.316900000000006,1,6,6.523
467.37200000000036,5.316900000000006,1,6,7.0
301.367,3.989100000000003,0,5,4.699
291.3500000000001,4.422400000000004,0,3,4.699
238.246,2.7080000000000006,2,4,6.301
294.3540000000001,3.8641000000000023,1,4,4.699
204.18499999999997,0.4900799999999999,3,4,5.35
475.36200000000036,5.004200000000005,1,6,6.699
475.36200000000036,5.004200000000005,1,6,6.824
271.341,3.980500000000003,0,4,4.699
325.3640000000001,3.936200000000003,0,5,4.699
266.3,3.314000000000001,0,4,4.602
366.3980000000001,3.8218600000000023,2,6,5.1
397.4560000000001,3.043780000000002,3,6,4.66
445.9260000000004,3.8007000000000035,1,7,6.699
445.9260000000004,3.8007000000000035,1,7,6.699
467.37200000000036,5.461000000000006,1,6,7.0
467.37200000000036,5.461000000000006,1,6,7.0
310.26500000000004,2.7958800000000013,2,6,4.96
380.42900000000003,2.9616800000000016,3,6,4.84
540.8650000000005,4.721700000000006,1,7,7.0
540.8650000000005,4.721700000000006,1,7,7.046
493.3520000000003,5.143300000000004,1,6,6.523
493.3520000000003,5.143300000000004,1,6,6.398
255.31699999999995,3.819300000000002,0,3,4.699
266.3,3.162980000000001,0,4,6.155
332.4690000000001,4.681050000000004,3,4,3.3
511.8230000000004,5.4260000000000055,1,6,6.301
511.8230000000004,5.4260000000000055,1,6,6.77
475.36200000000036,5.004200000000005,1,6,7.0
475.36200000000036,5.004200000000005,1,6,6.824
742.6440000000001,2.295800000000005,6,4,6.046
742.6440000000001,2.295800000000005,6,4,5.377
239.34300000000002,4.580140000000003,0,2,4.699
283.302,4.058100000000003,0,3,4.699
239.34300000000002,4.580140000000003,0,2,4.699
331.31800000000004,4.2058000000000035,0,4,4.699
438.57800000000015,4.188600000000004,2,6,5.161
674.6099999999999,2.066600000000003,4,4,5.337
295.3380000000001,3.9276000000000026,0,4,4.699
295.3380000000001,3.831000000000002,0,4,4.699
431.9260000000001,4.348480000000002,2,7,4.08
341.392,2.4803800000000016,2,6,5.47
384.41300000000007,2.783580000000001,3,6,6.15
279.295,3.196100000000002,2,4,4.82
496.4140000000004,4.612600000000006,1,7,7.125
496.4140000000004,4.612600000000006,1,7,7.0
506.2780000000002,1.3405999999999996,2,4,5.456
265.312,3.919000000000003,0,3,4.699
305.78600000000006,4.633900000000002,0,4,4.699
308.337,2.8821800000000017,3,4,5.6
432.8830000000004,3.885500000000004,1,7,6.398
432.8830000000004,3.885500000000004,1,7,6.523
532.3640000000001,0.6634000000000013,2,4,5.215
271.34100000000007,3.980500000000003,0,4,4.699
282.29900000000004,3.0196000000000014,1,5,4.699
322.36400000000003,3.5687400000000027,3,4,4.72
648.8580000000002,5.821000000000004,6,6,5.131
648.8580000000002,5.821000000000004,6,6,4.0
301.29200000000003,4.197200000000003,0,3,4.699
283.302,4.058100000000003,0,3,4.699
475.36200000000036,5.052100000000005,2,6,6.699
475.36200000000036,5.052100000000005,2,6,7.097
702.664,2.2730000000000024,2,6,5.161
296.326,3.3226000000000013,0,5,4.699
308.3810000000001,3.985000000000003,0,4,4.699
321.376,4.431000000000004,0,4,4.699
341.41000000000014,5.586000000000005,0,3,4.699
334.2020000000001,5.225800000000002,0,3,4.699
211.289,3.963300000000002,0,2,4.699
299.71299999999997,3.541080000000001,2,4,5.18
397.48100000000005,3.695080000000002,2,7,4.72
441.5340000000002,4.093780000000002,2,8,3.78
618.4940000000001,3.8548000000000027,0,6,4.0
234.21099999999998,2.1601999999999997,0,5,4.699
479.3250000000003,4.8011000000000035,2,6,6.347
479.3250000000003,4.8011000000000035,2,6,6.398
855.6980000000001,4.116200000000001,6,4,4.301
231.298,4.405200000000003,0,1,4.699
271.29699999999997,2.949180000000001,2,5,4.51
368.4140000000001,3.1136800000000027,1,6,4.64
462.95300000000026,4.677520000000005,2,7,6.523
462.95300000000026,4.677520000000005,2,7,6.699
444.9380000000004,5.285200000000006,1,6,6.523
444.9380000000004,5.285200000000006,1,6,6.699
313.32800000000003,4.066700000000003,0,4,4.699
283.258,3.0267800000000014,2,4,5.29
377.80300000000017,4.1997000000000035,1,6,7.0
377.80300000000017,4.1997000000000035,1,6,7.0
483.37100000000027,5.022500000000004,2,7,7.0
483.37100000000027,5.022500000000004,2,7,7.155
742.6440000000001,2.295800000000005,6,4,5.886
304.34900000000005,4.400300000000003,1,3,4.699
340.3350000000001,2.660680000000001,3,6,4.6
294.31,2.32118,3,4,6.3
244.297,4.3831000000000016,1,1,4.699
295.382,4.183800000000003,0,3,4.699
265.268,2.8876800000000014,2,4,4.85
214.224,2.1397800000000005,1,4,4.06
523.8340000000004,5.7362000000000055,1,6,7.0
523.8340000000004,5.7362000000000055,1,6,7.046
280.179,5.270100000000002,0,2,4.699
340.40400000000005,2.9234800000000014,3,5,6.19
388.8760000000001,3.879880000000003,2,5,4.8
310.3090000000001,3.827200000000003,0,5,4.699
934.6580000000001,3.735400000000001,6,4,5.155
524.7080000000002,6.460800000000006,0,8,4.0
495.94200000000035,4.478080000000003,2,7,4.867
235.30800000000002,2.1105,0,3,4.0
467.9320000000002,5.097580000000004,2,6,7.097
495.98600000000016,5.876180000000006,2,6,5.315
457.3760000000004,4.055200000000002,2,7,8.268
378.48000000000025,3.2110200000000013,2,7,8.032
249.335,2.8023000000000007,1,2,4.0
263.362,2.8907000000000016,0,3,4.0
496.6540000000002,5.6806000000000045,0,8,4.0
496.65400000000034,6.440000000000006,2,6,4.0
435.2810000000001,4.200880000000002,2,5,6.018
401.31200000000007,3.5287000000000015,1,6,7.398
429.3220000000003,3.2750000000000012,2,7,8.495
429.3220000000003,3.2750000000000012,2,7,7.444
447.3370000000001,2.229399999999999,4,8,8.036
359.43700000000007,3.775520000000002,2,7,8.456
350.4700000000001,3.8305200000000026,2,6,8.268
235.30800000000002,2.4122000000000003,1,2,5.174
235.30800000000002,2.6968000000000005,1,3,4.0
436.53300000000013,4.252200000000004,0,7,4.0
480.36600000000016,4.677480000000004,2,6,5.541
456.39200000000017,3.580300000000001,2,7,8.31
461.3640000000001,2.6194999999999995,4,8,8.921
424.2800000000001,2.8306000000000004,3,7,8.854
424.2800000000001,2.8306000000000004,3,7,6.0
465.3070000000002,4.209480000000003,2,6,6.102
467.9320000000002,5.097580000000004,2,6,6.252
404.2680000000001,2.3202999999999996,3,7,8.495
410.2790000000001,3.9086,3,6,9.041
249.33500000000004,3.0869000000000018,1,3,4.0
374.2420000000001,2.9594000000000005,2,6,8.585
331.177,2.8165000000000004,3,6,8.149
479.3340000000001,4.217480000000002,2,6,6.032
360.2110000000001,4.153100000000003,1,5,7.155
235.30800000000002,2.9985000000000017,2,2,5.174
468.6000000000004,6.099840000000005,4,4,5.076
468.6000000000003,6.263200000000004,4,4,4.745
369.22200000000004,4.260400000000002,2,4,8.699
360.21500000000003,2.9351000000000003,3,6,9.62
468.6000000000003,5.659800000000004,2,6,4.678
536.4300000000002,4.838180000000003,2,7,4.986
424.30600000000015,4.229600000000001,2,7,9.292
330.1890000000001,3.5726000000000013,2,5,9.886
330.1890000000001,3.5726000000000013,2,5,7.796
402.25200000000007,3.8076000000000016,3,6,9.553
391.52300000000025,3.1262200000000018,2,7,8.252
468.60000000000014,4.900400000000004,0,8,4.481
384.2330000000001,4.629780000000003,1,5,6.721
459.34800000000024,3.6777000000000024,2,7,9.131
459.34800000000024,3.6777000000000024,2,7,6.0
179.17499999999998,0.8144999999999998,3,3,5.699
450.34000000000003,4.668880000000003,2,5,6.509
522.4030000000001,4.448080000000003,2,7,5.268
412.4920000000002,4.702800000000002,4,4,4.991
506.4290000000001,4.603280000000003,2,6,6.26
221.281,2.0221,1,2,4.0
249.335,2.5006000000000004,0,3,4.0
504.4320000000002,5.676480000000005,2,5,6.886
329.201,4.177600000000002,2,4,8.398
221.28100000000003,2.6084000000000005,2,2,5.79
405.25500000000005,4.574380000000002,2,4,6.027
415.3390000000001,4.284600000000003,2,6,8.131
315.17400000000004,3.7181000000000015,2,4,10.0
522.4030000000002,4.448080000000003,2,7,5.417
507.8750000000001,5.597480000000003,2,6,5.578
467.9320000000002,5.095980000000004,2,6,5.282
393.244,4.737080000000002,2,4,6.229
480.31900000000013,0.37869999999999987,7,10,8.319
401.31200000000007,3.8945000000000016,2,6,8.056
265.32,3.118520000000001,2,5,8.854
407.4880000000002,2.5412999999999997,0,7,4.0
444.55900000000025,5.351000000000003,4,5,5.032
468.6000000000003,6.099840000000005,4,4,5.538
496.6540000000003,6.284000000000004,2,6,5.081
404.2680000000001,2.3218999999999994,3,7,7.921
472.6130000000003,5.5278000000000045,2,7,4.456
440.5460000000002,4.723600000000003,2,6,4.276
390.2410000000001,2.2960000000000003,4,7,9.036
390.2410000000001,2.2960000000000003,4,7,6.644
518.4150000000002,4.665280000000004,2,6,6.824
478.35000000000025,4.124680000000002,2,6,7.046
494.3930000000002,5.067580000000004,2,6,5.796
407.2710000000001,5.127180000000003,2,4,5.79
344.216,3.5969000000000015,1,5,10.046
344.216,3.5969000000000015,1,5,7.854
390.24100000000004,2.2959999999999994,4,7,7.854
429.3660000000001,4.674700000000003,2,6,8.076
509.96900000000034,4.8665800000000035,2,7,4.975
387.2850000000001,3.5044000000000013,2,6,7.347
440.5460000000003,5.483000000000003,4,4,5.377
435.2810000000002,4.582980000000004,2,5,6.041
423.8790000000001,4.6988800000000035,2,5,6.187
321.3980000000001,2.8042000000000007,1,5,4.0
481.95900000000023,5.487680000000005,2,6,5.719
423.27000000000015,4.745680000000003,2,5,6.092
453.9050000000002,4.707480000000004,2,6,5.635
424.8630000000002,5.555880000000004,2,5,5.125
465.9160000000002,4.469480000000003,2,6,5.569
426.3180000000001,4.192200000000002,2,5,7.959
345.41,3.4545200000000014,3,6,8.143
316.16200000000003,3.113100000000001,2,5,8.0
316.16200000000003,3.113100000000001,2,5,6.959
494.3460000000001,0.40300000000000075,6,10,8.495
293.34400000000005,2.6274000000000006,3,3,4.0
468.60000000000025,6.099840000000005,4,4,5.824
504.43200000000013,5.6732800000000045,2,5,6.602
465.91600000000017,4.469480000000003,2,6,5.64
443.34900000000033,3.6651000000000016,2,7,8.721
443.34900000000033,3.6651000000000016,2,7,8.092
388.225,3.051700000000001,2,6,7.796
468.60000000000025,5.503800000000004,2,6,5.509
388.2250000000001,3.4175000000000013,3,6,9.215
388.2250000000001,3.4175000000000013,3,6,4.943
207.254,2.2183,2,2,4.827
221.28100000000003,2.3067,1,3,4.0
480.3660000000002,4.677480000000003,2,6,6.102
374.1980000000001,3.027400000000001,3,6,8.824
440.5460000000003,4.879600000000003,2,6,4.745
451.2800000000001,4.132480000000003,2,6,6.481
280.3310000000001,3.1111000000000013,2,5,6.523
291.786,2.4580000000000006,2,4,4.0
308.385,3.8042000000000016,1,5,6.244
367.4530000000001,2.2220999999999993,3,7,6.31
339.1960000000001,4.617200000000001,2,3,8.907
305.406,5.017600000000003,1,4,6.269
371.2630000000001,4.932800000000002,2,5,9.569
371.2630000000001,4.932800000000002,2,5,7.066
341.36700000000013,3.4078000000000017,1,7,5.553
404.4700000000002,3.4738000000000016,2,7,5.013
308.385,3.8042000000000016,1,5,6.337
294.35800000000006,2.766400000000001,2,5,6.102
324.384,2.6324999999999994,2,6,6.377
353.4010000000002,3.079300000000001,1,6,8.0
360.2110000000001,4.153100000000003,1,5,10.602
343.4310000000001,2.6056,2,6,5.0
438.3730000000001,5.432400000000005,1,5,5.387
372.83700000000005,5.226520000000003,1,6,7.959
426.8070000000001,5.936900000000002,1,6,6.337
342.3510000000001,3.456500000000002,0,7,4.0
266.3479999999999,3.8073000000000023,2,3,4.0
422.73500000000007,5.781000000000003,1,5,7.699
330.189,3.572600000000002,2,5,11.097
369.2220000000001,4.625800000000003,2,4,8.921
369.2220000000001,4.625800000000003,2,4,7.886
386.27400000000006,5.359200000000003,1,5,7.097
390.44300000000015,3.1708000000000007,3,7,5.469
280.3310000000001,2.3763000000000005,2,5,5.55
399.31700000000006,5.416600000000003,1,5,7.703
381.4360000000001,1.7486999999999997,3,7,6.481
353.223,4.627600000000002,1,4,6.13
353.223,4.627600000000002,1,4,6.114
389.684,5.347420000000003,2,3,5.0
296.7610000000001,4.228100000000002,2,3,5.676
260.3,3.806300000000001,2,3,6.578
437.7060000000001,5.680600000000002,1,6,7.91
312.785,4.636500000000002,1,5,6.0
359.2230000000001,4.758100000000003,1,4,6.432
361.1950000000001,4.201800000000003,0,5,7.155
339.1960000000001,4.568800000000001,2,3,7.509
339.1960000000001,4.568800000000001,2,3,6.201
360.3640000000001,5.189100000000002,2,5,7.328
274.327,3.674800000000001,2,3,6.337
395.3070000000001,4.415600000000002,2,7,7.398
360.2070000000001,4.806800000000003,0,4,5.602
294.3580000000001,3.5012000000000016,2,5,6.602
244.298,1.9328199999999995,3,5,9.0
357.23600000000005,4.745600000000001,1,5,6.135
374.44400000000013,3.465200000000001,2,6,4.842
255.708,4.0268000000000015,1,3,7.638
360.2110000000001,4.153100000000003,1,5,8.398
280.3310000000001,3.1111000000000013,2,5,6.222
389.6840000000001,5.049400000000002,1,4,6.879
294.3580000000001,3.5012000000000016,2,5,7.097
339.196,4.617200000000001,2,3,9.409
340.1840000000001,4.012200000000001,2,4,7.538
306.18800000000005,4.197400000000001,1,4,7.456
354.211,4.199400000000001,3,4,6.833
354.211,4.199400000000001,3,4,6.307
468.39900000000006,5.441000000000005,1,6,5.37
358.81000000000006,4.918100000000003,1,6,7.237
368.4120000000002,3.6308000000000016,1,6,7.081
306.18800000000005,4.197400000000001,1,4,7.959
324.815,4.657600000000003,2,3,6.378
306.39400000000006,4.478720000000003,2,5,8.678
306.39400000000006,4.478720000000003,2,5,7.009
340.18000000000006,4.882100000000002,1,4,6.131
340.3790000000001,4.012800000000003,1,6,4.094
360.41700000000014,3.1622000000000012,3,6,4.879
407.72400000000005,5.354600000000002,2,5,9.328
437.7060000000001,5.680600000000002,1,6,6.801
356.24800000000005,5.350600000000002,1,4,8.745
356.24800000000005,5.350600000000002,1,4,6.77
338.43600000000004,4.168900000000002,3,6,8.027
403.305,4.5413000000000014,3,6,8.569
291.379,4.456600000000003,1,4,6.719
389.2530000000001,5.071900000000001,2,5,9.0
389.2530000000001,5.071900000000001,2,5,7.377
463.37600000000015,5.920100000000004,3,6,8.102
463.37600000000015,5.920100000000004,3,6,7.071
278.3590000000001,3.795600000000002,1,4,6.301
375.6570000000001,4.990600000000002,2,3,7.143
375.6570000000001,4.990600000000002,2,3,7.032
431.3590000000001,5.390900000000002,3,6,8.959
431.3590000000001,5.390900000000002,3,6,7.481
294.358,3.4141000000000012,1,5,6.347
437.7060000000001,5.680600000000002,1,6,7.319
452.76100000000014,5.789600000000003,1,6,6.353
340.184,4.012200000000001,2,4,11.097
340.184,4.012200000000001,2,4,9.357
422.73500000000007,5.781000000000003,1,5,7.9
341.3630000000001,4.061500000000003,0,6,4.0
341.3630000000001,4.061500000000003,0,6,5.0
344.4180000000001,3.4566000000000017,2,5,6.357
264.33200000000005,3.4055000000000017,1,4,6.137
340.184,4.012200000000002,2,4,6.565
324.815,4.657600000000003,2,3,4.0
353.4260000000002,2.0153,3,7,5.595
353.4260000000002,2.0153,3,7,5.0
408.5060000000002,2.4141999999999992,1,7,6.125
367.4530000000001,2.3183,2,7,6.046
367.4530000000001,2.3183,2,7,5.0
279.34700000000004,2.2149,2,5,4.873
381.4360000000002,2.1959999999999997,2,8,6.097
381.4360000000002,2.1959999999999997,2,8,5.0
505.58800000000025,6.808000000000006,2,5,5.0
394.4790000000002,2.1111999999999993,2,7,6.301
394.4790000000002,2.1111999999999993,2,7,5.0
352.39800000000014,1.1181999999999999,3,7,6.398
352.39800000000014,1.1181999999999999,3,7,5.0
381.4360000000002,2.1088999999999993,1,8,6.081
424.5490000000002,2.2500999999999998,2,8,6.53
424.5490000000002,2.2500999999999998,2,8,5.108
506.57600000000025,6.203000000000005,2,6,5.0
367.40900000000016,1.8058999999999992,2,8,6.131
367.40900000000016,1.8058999999999992,2,8,5.0
424.54900000000026,2.5619999999999994,2,8,6.509
424.54900000000026,2.5619999999999994,2,8,5.0
295.34600000000006,1.9204999999999997,3,6,5.573
366.42500000000007,1.4211999999999994,2,7,6.357
309.37300000000005,2.2234999999999996,2,6,5.951
366.4250000000002,1.5083,3,7,6.77
366.4250000000002,1.5083,3,7,5.0
438.57600000000025,2.9042000000000012,1,8,6.032
438.57600000000025,2.9042000000000012,1,8,5.0
295.34600000000006,1.9204999999999997,3,6,5.815
295.34600000000006,1.9204999999999997,3,6,5.0
380.4520000000001,1.8112999999999995,2,7,6.456
395.4630000000002,3.5680000000000014,2,7,5.658
395.4630000000002,3.5680000000000014,2,7,5.0
395.46300000000025,2.4990000000000006,1,8,5.833
377.444,4.6822000000000035,1,3,4.018
379.46400000000017,3.862400000000002,1,6,5.081
